{
  "accuracy": 0.6951219512195121,
  "balanced_accuracy": 0.6543749999999999,
  "auroc": 0.7325,
  "auprc": 0.6368464550645909,
  "f1": 0.5454545454545454,
  "sensitivity": 0.46875,
  "specificity": 0.84,
  "confusion_matrix": {
    "tn": 42,
    "fp": 8,
    "fn": 17,
    "tp": 15
  }
}