{
  "accuracy": 0.7538461538461538,
  "balanced_accuracy": 0.7543103448275862,
  "auroc": 0.8189655172413793,
  "auprc": 0.825845477627451,
  "f1": 0.7714285714285715,
  "sensitivity": 0.75,
  "specificity": 0.7586206896551724,
  "confusion_matrix": {
    "tn": 22,
    "fp": 7,
    "fn": 9,
    "tp": 27
  }
}