{
  "accuracy": 0.8934426229508197,
  "balanced_accuracy": 0.853483606557377,
  "auroc": 0.9742760682612202,
  "auprc": 0.9508312853236855,
  "f1": 0.8211009174311926,
  "sensitivity": 0.7336065573770492,
  "specificity": 0.9733606557377049,
  "confusion_matrix": {
    "tn": 475,
    "fp": 13,
    "fn": 65,
    "tp": 179
  }
}