{
  "accuracy": 0.3333333333333333,
  "balanced_accuracy": 0.5,
  "auroc": 0.33333333333333337,
  "auprc": 0.3333333333333333,
  "f1": 0.5,
  "sensitivity": 1.0,
  "specificity": 0.0,
  "confusion_matrix": {
    "tn": 0,
    "fp": 6,
    "fn": 0,
    "tp": 3
  }
}